date,PE-TTM,PE-TTM_分位点,PE-TTM_80%分位点值,PE-TTM_50%分位点值,PE-TTM_20%分位点值,PB,PB_分位点,PB_80%分位点值,PB_50%分位点值,PB_20%分位点值,股息率,PS-TTM,PS-TTM_分位点,PS-TTM_80%分位点值,PS-TTM_50%分位点值,PS-TTM_20%分位点值,PB(不含商誉),PB(不含商誉) 分位点,PB(不含商誉) 80%分位点值,PB(不含商誉) 50%分位点值,PB(不含商誉) 20%分位点值,PE-TTM(扣非),PE-TTM(扣非) 分位点,PE-TTM(扣非) 80%分位点值,PE-TTM(扣非) 50%分位点值,PE-TTM(扣非) 20%分位点值,PEG
2026-04-21,13.2597,0.0546,22.2196,16.5168,14.7899,1.0154,0.0964,2.2570,1.3025,1.1601,0.0378,0.6401,0.0083,1.1803,0.8396,0.7264,1.0173,0.0964,2.2803,1.3056,1.1626,15.9247,0.0360,29.6750,23.7200,20.0732,
2026-04-20,13.2597,0.0546,22.2196,16.5168,14.7899,1.0154,0.0964,2.2570,1.3025,1.1601,0.0378,0.6401,0.0083,1.1803,0.8396,0.7264,1.0173,0.0964,2.2803,1.3056,1.1626,15.9247,0.0360,29.6750,23.7200,20.0732,
2026-04-17,13.3903,0.0546,22.2196,16.5168,14.7899,1.0254,0.0964,2.2570,1.3025,1.1601,0.0374,0.6464,0.0083,1.1803,0.8396,0.7264,1.0273,0.0964,2.2803,1.3056,1.1626,16.0816,0.0360,29.6750,23.7200,20.0732,
2026-04-16,13.4774,0.0546,22.2196,16.5168,14.7899,1.0321,0.0964,2.2570,1.3025,1.1601,0.0372,0.6506,0.0083,1.1803,0.8396,0.7264,1.0340,0.0964,2.2803,1.3056,1.1626,16.1862,0.0360,29.6750,23.7200,20.0732,
2026-04-15,13.4774,0.0546,22.2196,16.5168,14.7899,1.0321,0.0964,2.2570,1.3025,1.1601,0.0372,0.6506,0.0083,1.1803,0.8396,0.7264,1.0340,0.0964,2.2803,1.3056,1.1626,16.1862,0.0360,29.6750,23.7200,20.0732,
2026-04-14,13.5863,0.0546,22.2196,16.5168,14.7899,1.0404,0.0964,2.2570,1.3025,1.1601,0.0369,0.6558,0.0083,1.1803,0.8396,0.7264,1.0423,0.0964,2.2803,1.3056,1.1626,16.3170,0.0360,29.6750,23.7200,20.0732,
2026-04-13,13.5645,0.0546,22.2196,16.5168,14.7899,1.0388,0.0964,2.2570,1.3025,1.1601,0.0369,0.6548,0.0083,1.1803,0.8396,0.7264,1.0407,0.0964,2.2803,1.3056,1.1626,16.2908,0.0360,29.6750,23.7200,20.0732,
2026-04-10,13.6951,0.0546,22.2196,16.5168,14.7899,1.0488,0.0964,2.2570,1.3025,1.1601,0.0366,0.6611,0.0083,1.1803,0.8396,0.7264,1.0507,0.0964,2.2803,1.3056,1.1626,16.4477,0.0360,29.6750,23.7200,20.0732,
2026-04-09,13.4556,0.0546,22.2196,16.5168,14.7899,1.0304,0.0964,2.2570,1.3025,1.1601,0.0372,0.6495,0.0083,1.1803,0.8396,0.7264,1.0323,0.0964,2.2803,1.3056,1.1626,16.1601,0.0360,29.6750,23.7200,20.0732,
2026-04-08,13.6951,0.0546,22.2196,16.5168,14.7899,1.0488,0.0964,2.2570,1.3025,1.1601,0.0366,0.6611,0.0083,1.1803,0.8396,0.7264,1.0507,0.0964,2.2803,1.3056,1.1626,16.4477,0.0360,29.6750,23.7200,20.0732,
2026-04-07,13.4339,0.0546,22.2196,16.5168,14.7899,1.0288,0.0964,2.2570,1.3025,1.1601,0.0373,0.6485,0.0083,1.1803,0.8396,0.7264,1.0306,0.0964,2.2803,1.3056,1.1626,16.1339,0.0360,29.6750,23.7200,20.0732,
2026-04-03,13.5210,0.0546,22.2196,16.5168,14.7899,1.0354,0.0964,2.2570,1.3025,1.1601,0.0370,0.6527,0.0083,1.1803,0.8396,0.7264,1.0373,0.0964,2.2803,1.3056,1.1626,16.2385,0.0360,29.6750,23.7200,20.0732,
2026-04-02,13.6516,0.0546,22.2196,16.5168,14.7899,1.0454,0.0964,2.2570,1.3025,1.1601,0.0367,0.6590,0.0083,1.1803,0.8396,0.7264,1.0473,0.0964,2.2803,1.3056,1.1626,16.3954,0.0360,29.6750,23.7200,20.0732,
2026-04-01,13.8258,0.0546,22.2196,16.5168,14.7899,1.0588,0.0964,2.2570,1.3025,1.1601,0.0362,0.6674,0.0083,1.1803,0.8396,0.7264,1.0607,0.0964,2.2803,1.3056,1.1626,16.6046,0.0360,29.6750,23.7200,20.0732,
2026-03-31,13.8040,0.0546,22.2196,16.5168,14.7899,1.0571,0.0964,2.2570,1.3025,1.1601,0.0363,0.6663,0.0083,1.1803,0.8396,0.7264,1.0590,0.0964,2.2803,1.3056,1.1626,16.5785,0.0360,29.6750,23.7200,20.0732,
2026-03-30,13.2815,0.0546,22.2196,16.5168,14.7899,1.0171,0.0964,2.2570,1.3025,1.1601,0.0377,0.6411,0.0083,1.1803,0.8396,0.7264,1.0189,0.0964,2.2803,1.3056,1.1626,15.9509,0.0360,29.6750,23.7200,20.0732,
2026-03-27,11.9493,0.0546,22.2196,16.5168,14.7899,1.0632,0.0964,2.2570,1.3025,1.1601,0.0509,0.6499,0.0083,1.1803,0.8396,0.7264,1.0651,0.0964,2.2803,1.3056,1.1626,13.6327,0.0360,29.6750,23.7200,20.0732,
2026-03-26,11.9303,0.0546,22.2196,16.5168,14.7899,1.0615,0.0964,2.2570,1.3025,1.1601,0.0510,0.6489,0.0083,1.1803,0.8396,0.7264,1.0635,0.0964,2.2803,1.3056,1.1626,13.6110,0.0360,29.6750,23.7200,20.0732,
2026-03-25,12.0823,0.0546,22.2196,16.5168,14.7899,1.0750,0.0964,2.2570,1.3025,1.1601,0.0503,0.6572,0.0083,1.1803,0.8396,0.7264,1.0770,0.0964,2.2803,1.3056,1.1626,13.7844,0.0360,29.6750,23.7200,20.0732,
2026-03-24,11.7973,0.0546,22.2196,16.5168,14.7899,1.0496,0.0964,2.2570,1.3025,1.1601,0.0515,0.6417,0.0083,1.1803,0.8396,0.7264,1.0516,0.0964,2.2803,1.3056,1.1626,13.4593,0.0360,29.6750,23.7200,20.0732,
2026-03-23,11.6074,0.0546,22.2196,16.5168,14.7899,1.0327,0.0964,2.2570,1.3025,1.1601,0.0524,0.6313,0.0083,1.1803,0.8396,0.7264,1.0347,0.0964,2.2803,1.3056,1.1626,13.2425,0.0360,29.6750,23.7200,20.0732,
2026-03-20,12.0063,0.0546,22.2196,16.5168,14.7899,1.0682,0.0964,2.2570,1.3025,1.1601,0.0506,0.6530,0.0083,1.1803,0.8396,0.7264,1.0702,0.0964,2.2803,1.3056,1.1626,13.6977,0.0360,29.6750,23.7200,20.0732,
2026-03-19,11.8543,0.0546,22.2196,16.5168,14.7899,1.0547,0.0964,2.2570,1.3025,1.1601,0.0513,0.6448,0.0083,1.1803,0.8396,0.7264,1.0567,0.0964,2.2803,1.3056,1.1626,13.5243,0.0360,29.6750,23.7200,20.0732,
2026-03-18,12.0633,0.0546,22.2196,16.5168,14.7899,1.0733,0.0964,2.2570,1.3025,1.1601,0.0504,0.6561,0.0083,1.1803,0.8396,0.7264,1.0753,0.0964,2.2803,1.3056,1.1626,13.7627,0.0360,29.6750,23.7200,20.0732,
2026-03-17,12.1203,0.0546,22.2196,16.5168,14.7899,1.0784,0.0964,2.2570,1.3025,1.1601,0.0502,0.6592,0.0083,1.1803,0.8396,0.7264,1.0804,0.0964,2.2803,1.3056,1.1626,13.8277,0.0360,29.6750,23.7200,20.0732,
2026-03-16,12.1773,0.0546,22.2196,16.5168,14.7899,1.0834,0.0964,2.2570,1.3025,1.1601,0.0499,0.6623,0.0083,1.1803,0.8396,0.7264,1.0855,0.0964,2.2803,1.3056,1.1626,13.8928,0.0360,29.6750,23.7200,20.0732,
2026-03-13,12.1963,0.0546,22.2196,16.5168,14.7899,1.0851,0.0964,2.2570,1.3025,1.1601,0.0498,0.6634,0.0083,1.1803,0.8396,0.7264,1.0872,0.0964,2.2803,1.3056,1.1626,13.9144,0.0360,29.6750,23.7200,20.0732,
2026-03-12,12.2533,0.0546,22.2196,16.5168,14.7899,1.0902,0.0964,2.2570,1.3025,1.1601,0.0496,0.6665,0.0083,1.1803,0.8396,0.7264,1.0922,0.0964,2.2803,1.3056,1.1626,13.9794,0.0360,29.6750,23.7200,20.0732,
2026-03-11,12.1583,0.0546,22.2196,16.5168,14.7899,1.0818,0.0964,2.2570,1.3025,1.1601,0.0500,0.6613,0.0083,1.1803,0.8396,0.7264,1.0838,0.0964,2.2803,1.3056,1.1626,13.8711,0.0360,29.6750,23.7200,20.0732,
2026-03-10,11.9493,0.0546,22.2196,16.5168,14.7899,1.0632,0.0964,2.2570,1.3025,1.1601,0.0509,0.6499,0.0083,1.1803,0.8396,0.7264,1.0651,0.0964,2.2803,1.3056,1.1626,13.6327,0.0360,29.6750,23.7200,20.0732,
2026-03-09,11.8923,0.0546,22.2196,16.5168,14.7899,1.0581,0.0964,2.2570,1.3025,1.1601,0.0511,0.6468,0.0083,1.1803,0.8396,0.7264,1.0601,0.0964,2.2803,1.3056,1.1626,13.5676,0.0360,29.6750,23.7200,20.0732,
2026-03-06,11.9873,0.0546,22.2196,16.5168,14.7899,1.0665,0.0964,2.2570,1.3025,1.1601,0.0507,0.6520,0.0083,1.1803,0.8396,0.7264,1.0685,0.0964,2.2803,1.3056,1.1626,13.6760,0.0360,29.6750,23.7200,20.0732,
2026-03-05,11.8733,0.0546,22.2196,16.5168,14.7899,1.0564,0.0964,2.2570,1.3025,1.1601,0.0512,0.6458,0.0083,1.1803,0.8396,0.7264,1.0584,0.0964,2.2803,1.3056,1.1626,13.5460,0.0360,29.6750,23.7200,20.0732,
2026-03-04,11.6833,0.0546,22.2196,16.5168,14.7899,1.0395,0.0964,2.2570,1.3025,1.1601,0.0520,0.6355,0.0083,1.1803,0.8396,0.7264,1.0414,0.0964,2.2803,1.3056,1.1626,13.3292,0.0360,29.6750,23.7200,20.0732,
2026-03-03,11.9113,0.0546,22.2196,16.5168,14.7899,1.0598,0.0964,2.2570,1.3025,1.1601,0.0510,0.6479,0.0083,1.1803,0.8396,0.7264,1.0618,0.0964,2.2803,1.3056,1.1626,13.5893,0.0360,29.6750,23.7200,20.0732,
2026-03-02,11.9493,0.0546,22.2196,16.5168,14.7899,1.0632,0.0964,2.2570,1.3025,1.1601,0.0509,0.6499,0.0083,1.1803,0.8396,0.7264,1.0651,0.0964,2.2803,1.3056,1.1626,13.6327,0.0360,29.6750,23.7200,20.0732,
2026-02-27,11.9493,0.0546,22.2196,16.5168,14.7899,1.0632,0.0964,2.2570,1.3025,1.1601,0.0509,0.6499,0.0083,1.1803,0.8396,0.7264,1.0651,0.0964,2.2803,1.3056,1.1626,13.6327,0.0360,29.6750,23.7200,20.0732,
2026-02-26,12.0633,0.0546,22.2196,16.5168,14.7899,1.0733,0.0964,2.2570,1.3025,1.1601,0.0504,0.6561,0.0083,1.1803,0.8396,0.7264,1.0753,0.0964,2.2803,1.3056,1.1626,13.7627,0.0360,29.6750,23.7200,20.0732,
2026-02-25,12.1583,0.0546,22.2196,16.5168,14.7899,1.0818,0.0964,2.2570,1.3025,1.1601,0.0500,0.6613,0.0083,1.1803,0.8396,0.7264,1.0838,0.0964,2.2803,1.3056,1.1626,13.8711,0.0360,29.6750,23.7200,20.0732,
2026-02-24,12.2913,0.0546,22.2196,16.5168,14.7899,1.0936,0.0964,2.2570,1.3025,1.1601,0.0495,0.6685,0.0083,1.1803,0.8396,0.7264,1.0956,0.0964,2.2803,1.3056,1.1626,14.0228,0.0360,29.6750,23.7200,20.0732,
2026-02-13,11.9873,0.0546,22.2196,16.5168,14.7899,1.0665,0.0964,2.2570,1.3025,1.1601,0.0507,0.6520,0.0083,1.1803,0.8396,0.7264,1.0685,0.0964,2.2803,1.3056,1.1626,13.6760,0.0360,29.6750,23.7200,20.0732,1.9978
2026-02-12,12.1583,0.0546,22.2196,16.5168,14.7899,1.0818,0.0964,2.2570,1.3025,1.1601,0.0500,0.6613,0.0083,1.1803,0.8396,0.7264,1.0838,0.0964,2.2803,1.3056,1.1626,13.8711,0.0360,29.6750,23.7200,20.0732,
2026-02-11,12.1583,0.0546,22.2196,16.5168,14.7899,1.0818,0.0964,2.2570,1.3025,1.1601,0.0500,0.6613,0.0083,1.1803,0.8396,0.7264,1.0838,0.0964,2.2803,1.3056,1.1626,13.8711,0.0360,29.6750,23.7200,20.0732,
2026-02-10,12.1773,0.0546,22.2196,16.5168,14.7899,1.0834,0.0964,2.2570,1.3025,1.1601,0.0499,0.6623,0.0083,1.1803,0.8396,0.7264,1.0855,0.0964,2.2803,1.3056,1.1626,13.8928,0.0360,29.6750,23.7200,20.0732,
2026-02-09,12.1963,0.0546,22.2196,16.5168,14.7899,1.0851,0.0964,2.2570,1.3025,1.1601,0.0498,0.6634,0.0083,1.1803,0.8396,0.7264,1.0872,0.0964,2.2803,1.3056,1.1626,13.9144,0.0360,29.6750,23.7200,20.0732,
2026-02-06,12.1013,0.0546,22.2196,16.5168,14.7899,1.0767,0.0964,2.2570,1.3025,1.1601,0.0502,0.6582,0.0083,1.1803,0.8396,0.7264,1.0787,0.0964,2.2803,1.3056,1.1626,13.8061,0.0360,29.6750,23.7200,20.0732,2.0168
2026-02-05,12.1963,0.0546,22.2196,16.5168,14.7899,1.0851,0.0964,2.2570,1.3025,1.1601,0.0498,0.6634,0.0083,1.1803,0.8396,0.7264,1.0872,0.0964,2.2803,1.3056,1.1626,13.9144,0.0360,29.6750,23.7200,20.0732,
2026-02-04,12.3103,0.0546,22.2196,16.5168,14.7899,1.0953,0.0964,2.2570,1.3025,1.1601,0.0494,0.6696,0.0083,1.1803,0.8396,0.7264,1.0973,0.0964,2.2803,1.3056,1.1626,14.0445,0.0360,29.6750,23.7200,20.0732,
2026-02-03,11.9683,0.0546,22.2196,16.5168,14.7899,1.0649,0.0964,2.2570,1.3025,1.1601,0.0508,0.6510,0.0083,1.1803,0.8396,0.7264,1.0668,0.0964,2.2803,1.3056,1.1626,13.6543,0.0360,29.6750,23.7200,20.0732,
2026-02-02,11.8543,0.0546,22.2196,16.5168,14.7899,1.0547,0.0964,2.2570,1.3025,1.1601,0.0513,0.6448,0.0083,1.1803,0.8396,0.7264,1.0567,0.0964,2.2803,1.3056,1.1626,13.5243,0.0360,29.6750,23.7200,20.0732,
2026-01-30,11.9873,0.0546,22.2196,16.5168,14.7899,1.0665,0.0964,2.2570,1.3025,1.1601,0.0507,0.6520,0.0083,1.1803,0.8396,0.7264,1.0685,0.0964,2.2803,1.3056,1.1626,13.6760,0.0360,29.6750,23.7200,20.0732,1.9978
2026-01-29,12.0823,0.0546,22.2196,16.5168,14.7899,1.0750,0.0964,2.2570,1.3025,1.1601,0.0503,0.6572,0.0083,1.1803,0.8396,0.7264,1.0770,0.0964,2.2803,1.3056,1.1626,13.7844,0.0360,29.6750,23.7200,20.0732,
2026-01-28,12.0443,0.0546,22.2196,16.5168,14.7899,1.0716,0.0964,2.2570,1.3025,1.1601,0.0505,0.6551,0.0083,1.1803,0.8396,0.7264,1.0736,0.0964,2.2803,1.3056,1.1626,13.7410,0.0360,29.6750,23.7200,20.0732,
2026-01-27,12.2343,0.0546,22.2196,16.5168,14.7899,1.0885,0.0964,2.2570,1.3025,1.1601,0.0497,0.6654,0.0083,1.1803,0.8396,0.7264,1.0905,0.0964,2.2803,1.3056,1.1626,13.9578,0.0360,29.6750,23.7200,20.0732,
2026-01-26,12.4242,0.0546,22.2196,16.5168,14.7899,1.1054,0.0964,2.2570,1.3025,1.1601,0.0489,0.6758,0.0083,1.1803,0.8396,0.7264,1.1075,0.0964,2.2803,1.3056,1.1626,14.1745,0.0360,29.6750,23.7200,20.0732,
2026-01-23,12.5382,0.0546,22.2196,16.5168,14.7899,1.1156,0.0964,2.2570,1.3025,1.1601,0.0485,0.6820,0.0083,1.1803,0.8396,0.7264,1.1176,0.0964,2.2803,1.3056,1.1626,14.3045,0.0360,29.6750,23.7200,20.0732,2.0897
2026-01-22,12.7852,0.0546,22.2196,16.5168,14.7899,1.1375,0.0964,2.2570,1.3025,1.1601,0.0475,0.6954,0.0083,1.1803,0.8396,0.7264,1.1397,0.0964,2.2803,1.3056,1.1626,14.5863,0.0360,29.6750,23.7200,20.0732,
2026-01-21,12.9752,0.0546,22.2196,16.5168,14.7899,1.1544,0.0964,2.2570,1.3025,1.1601,0.0469,0.7057,0.0083,1.1803,0.8396,0.7264,1.1566,0.0964,2.2803,1.3056,1.1626,14.8030,0.0360,29.6750,23.7200,20.0732,
2026-01-16,,,,,,,,,,,,,,,,,,,,,,,,,,,2.1372
2026-01-09,,,,,,,,,,,,,,,,,,,,,,,,,,,2.2258
2025-12-31,,,,,,,,,,,,,,,,,,,,,,,,,,,2.1593
2025-12-26,,,,,,,,,,,,,,,,,,,,,,,,,,,2.1847
2025-12-19,,,,,,,,,,,,,,,,,,,,,,,,,,,2.1752
2025-12-12,,,,,,,,,,,,,,,,,,,,,,,,,,,2.2448
2025-12-05,,,,,,,,,,,,,,,,,,,,,,,,,,,2.2512
2025-11-28,,,,,,,,,,,,,,,,,,,,,,,,,,,2.3018
2025-11-21,,,,,,,,,,,,,,,,,,,,,,,,,,,2.3240
2025-11-14,,,,,,,,,,,,,,,,,,,,,,,,,,,2.4507
2025-11-07,,,,,,,,,,,,,,,,,,,,,,,,,,,2.5172
2025-10-31,,,,,,,,,,,,,,,,,,,,,,,,,,,2.4285
2025-10-24,,,,,,,,,,,,,,,,,,,,,,,,,,,2.4672
2025-10-17,,,,,,,,,,,,,,,,,,,,,,,,,,,2.3897
2025-10-10,,,,,,,,,,,,,,,,,,,,,,,,,,,2.3958
2025-09-30,,,,,,,,,,,,,,,,,,,,,,,,,,,2.3153
2025-09-26,,,,,,,,,,,,,,,,,,,,,,,,,,,2.2688
2025-09-19,,,,,,,,,,,,,,,,,,,,,,,,,,,2.3308
2025-09-12,,,,,,,,,,,,,,,,,,,,,,,,,,,2.3958
2025-09-05,,,,,,,,,,,,,,,,,,,,,,,,,,,2.3215
2025-08-29,,,,,,,,,,,,,,,,,,,,,,,,,,,2.3773
2025-08-22,,,,,,,,,,,,,,,,,,,,,,,,,,,2.5420
2025-08-15,,,,,,,,,,,,,,,,,,,,,,,,,,,2.4028
2025-08-08,,,,,,,,,,,,,,,,,,,,,,,,,,,2.4790
2025-08-01,,,,,,,,,,,,,,,,,,,,,,,,,,,2.4227
2025-07-25,,,,,,,,,,,,,,,,,,,,,,,,,,,2.5122
2025-07-18,,,,,,,,,,,,,,,,,,,,,,,,,,,2.4990
2025-07-11,,,,,,,,,,,,,,,,,,,,,,,,,,,2.3895
2025-07-04,,,,,,,,,,,,,,,,,,,,,,,,,,,2.3630
2025-06-27,,,,,,,,,,,,,,,,,,,,,,,,,,,2.3365
2025-06-20,,,,,,,,,,,,,,,,,,,,,,,,,,,2.3298
2025-06-13,,,,,,,,,,,,,,,,,,,,,,,,,,,2.3928
2025-06-06,,,,,,,,,,,,,,,,,,,,,,,,,,,2.3797
2025-05-30,,,,,,,,,,,,,,,,,,,,,,,,,,,2.3862
2025-05-23,,,,,,,,,,,,,,,,,,,,,,,,,,,2.4127
2025-05-16,,,,,,,,,,,,,,,,,,,,,,,,,,,2.4127
2025-05-09,,,,,,,,,,,,,,,,,,,,,,,,,,,2.3895
2025-04-30,,,,,,,,,,,,,,,,,,,,,,,,,,,2.3265
2025-04-25,,,,,,,,,,,,,,,,,,,,,,,,,,,2.7067
2025-04-18,,,,,,,,,,,,,,,,,,,,,,,,,,,2.7107
2025-04-11,,,,,,,,,,,,,,,,,,,,,,,,,,,2.6875
2025-04-03,,,,,,,,,,,,,,,,,,,,,,,,,,,2.6682
2025-03-28,,,,,,,,,,,,,,,,,,,,,,,,,,,2.7619
2025-03-21,,,,,,,,,,,,,,,,,,,,,,,,,,,2.7656
2025-03-14,,,,,,,,,,,,,,,,,,,,,,,,,,,2.8451
2025-03-07,,,,,,,,,,,,,,,,,,,,,,,,,,,2.8716
2025-02-28,,,,,,,,,,,,,,,,,,,,,,,,,,,2.8299
2025-02-21,,,,,,,,,,,,,,,,,,,,,,,,,,,2.8603
2025-02-14,,,,,,,,,,,,,,,,,,,,,,,,,,,2.8527
2025-02-07,,,,,,,,,,,,,,,,,,,,,,,,,,,2.8225
2025-01-27,,,,,,,,,,,,,,,,,,,,,,,,,,,2.8149
2025-01-24,,,,,,,,,,,,,,,,,,,,,,,,,,,2.8186
2025-01-17,,,,,,,,,,,,,,,,,,,,,,,,,,,2.8262
2025-01-10,,,,,,,,,,,,,,,,,,,,,,,,,,,2.8262
2025-01-03,,,,,,,,,,,,,,,,,,,,,,,,,,,2.9625
2024-12-27,,,,,,,,,,,,,,,,,,,,,,,,,,,3.1591
2024-12-20,,,,,,,,,,,,,,,,,,,,,,,,,,,3.0570
2024-12-13,,,,,,,,,,,,,,,,,,,,,,,,,,,3.0381
2024-12-06,,,,,,,,,,,,,,,,,,,,,,,,,,,3.1326
2024-11-29,,,,,,,,,,,,,,,,,,,,,,,,,,,3.0003
2024-11-22,,,,,,,,,,,,,,,,,,,,,,,,,,,3.0003
2024-11-15,,,,,,,,,,,,,,,,,,,,,,,,,,,3.0759
2024-11-08,,,,,,,,,,,,,,,,,,,,,,,,,,,3.2538
2024-11-01,,,,,,,,,,,,,,,,,,,,,,,,,,,3.2008
2024-10-25,,,,,,,,,,,,,,,,,,,,,,,,,,,3.1748
2024-10-18,,,,,,,,,,,,,,,,,,,,,,,,,,,3.1787
2024-10-11,,,,,,,,,,,,,,,,,,,,,,,,,,,3.1358
2024-09-30,,,,,,,,,,,,,,,,,,,,,,,,,,,3.1787
2024-09-27,,,,,,,,,,,,,,,,,,,,,,,,,,,2.9763
2024-09-20,,,,,,,,,,,,,,,,,,,,,,,,,,,2.6652
2024-09-13,,,,,,,,,,,,,,,,,,,,,,,,,,,2.6378
2024-09-06,,,,,,,,,,,,,,,,,,,,,,,,,,,2.6573
2024-08-30,,,,,,,,,,,,,,,,,,,,,,,,,,,2.7780
2024-08-23,,,,,,,,,,,,,,,,,,,,,,,,,,,3.2380
2024-08-16,,,,,,,,,,,,,,,,,,,,,,,,,,,3.0497
2024-08-09,,,,,,,,,,,,,,,,,,,,,,,,,,,3.0378
2024-08-02,,,,,,,,,,,,,,,,,,,,,,,,,,,3.2099
2024-07-26,,,,,,,,,,,,,,,,,,,,,,,,,,,3.0897
2024-07-19,,,,,,,,,,,,,,,,,,,,,,,,,,,3.1860
2024-07-12,,,,,,,,,,,,,,,,,,,,,,,,,,,3.0497
2024-07-05,,,,,,,,,,,,,,,,,,,,,,,,,,,3.0658
2024-06-28,,,,,,,,,,,,,,,,,,,,,,,,,,,3.0058
2024-06-21,,,,,,,,,,,,,,,,,,,,,,,,,,,2.8976
2024-06-14,,,,,,,,,,,,,,,,,,,,,,,,,,,2.7656
2024-06-07,,,,,,,,,,,,,,,,,,,,,,,,,,,2.8818
2024-05-31,,,,,,,,,,,,,,,,,,,,,,,,,,,2.7896
2024-05-24,,,,,,,,,,,,,,,,,,,,,,,,,,,2.7376
2024-05-17,,,,,,,,,,,,,,,,,,,,,,,,,,,2.8456
2024-05-10,,,,,,,,,,,,,,,,,,,,,,,,,,,2.8696
2024-04-30,,,,,,,,,,,,,,,,,,,,,,,,,,,2.7977
2024-04-26,,,,,,,,,,,,,,,,,,,,,,,,,,,2.9908
2024-04-19,,,,,,,,,,,,,,,,,,,,,,,,,,,3.2266
2024-04-12,,,,,,,,,,,,,,,,,,,,,,,,,,,2.8046
2024-04-03,,,,,,,,,,,,,,,,,,,,,,,,,,,2.8543
2024-03-29,,,,,,,,,,,,,,,,,,,,,,,,,,,2.8212
2024-03-22,,,,,,,,,,,,,,,,,,,,,,,,,,,3.8842
2024-03-15,,,,,,,,,,,,,,,,,,,,,,,,,,,3.9084
2024-03-08,,,,,,,,,,,,,,,,,,,,,,,,,,,4.1306
2024-03-01,,,,,,,,,,,,,,,,,,,,,,,,,,,3.9323
2024-02-23,,,,,,,,,,,,,,,,,,,,,,,,,,,3.6263
2024-02-08,,,,,,,,,,,,,,,,,,,,,,,,,,,3.5361
2024-02-02,,,,,,,,,,,,,,,,,,,,,,,,,,,3.3919
2024-01-26,,,,,,,,,,,,,,,,,,,,,,,,,,,3.3919
2024-01-19,,,,,,,,,,,,,,,,,,,,,,,,,,,3.1638
2024-01-12,,,,,,,,,,,,,,,,,,,,,,,,,,,3.1700
2024-01-05,,,,,,,,,,,,,,,,,,,,,,,,,,,3.1278
2023-12-29,,,,,,,,,,,,,,,,,,,,,,,,,,,3.1579
2023-12-22,,,,,,,,,,,,,,,,,,,,,,,,,,,3.1098
2023-12-15,,,,,,,,,,,,,,,,,,,,,,,,,,,3.0798
2023-12-08,,,,,,,,,,,,,,,,,,,,,,,,,,,3.1098
2023-12-01,,,,,,,,,,,,,,,,,,,,,,,,,,,3.1579
2023-11-24,,,,,,,,,,,,,,,,,,,,,,,,,,,3.1579
2023-11-17,,,,,,,,,,,,,,,,,,,,,,,,,,,3.1879
2023-11-10,,,,,,,,,,,,,,,,,,,,,,,,,,,3.1458
2023-11-03,,,,,,,,,,,,,,,,,,,,,,,,,,,3.2118
2023-10-27,,,,,,,,,,,,,,,,,,,,,,,,,,,3.2572
2023-10-20,,,,,,,,,,,,,,,,,,,,,,,,,,,3.1628
2023-10-13,,,,,,,,,,,,,,,,,,,,,,,,,,,3.2986
2023-09-28,,,,,,,,,,,,,,,,,,,,,,,,,,,3.4462
2023-09-22,,,,,,,,,,,,,,,,,,,,,,,,,,,3.4991
2023-09-15,,,,,,,,,,,,,,,,,,,,,,,,,,,3.4521
2023-09-08,,,,,,,,,,,,,,,,,,,,,,,,,,,3.4814
2023-09-01,,,,,,,,,,,,,,,,,,,,,,,,,,,3.5228
2023-08-25,,,,,,,,,,,,,,,,,,,,,,,,,,,3.4858
2023-08-18,,,,,,,,,,,,,,,,,,,,,,,,,,,3.6090
2023-08-11,,,,,,,,,,,,,,,,,,,,,,,,,,,3.6972
2023-08-04,,,,,,,,,,,,,,,,,,,,,,,,,,,3.9261
2023-07-28,,,,,,,,,,,,,,,,,,,,,,,,,,,3.8790
2023-07-21,,,,,,,,,,,,,,,,,,,,,,,,,,,3.7970
2023-07-14,,,,,,,,,,,,,,,,,,,,,,,,,,,3.9025
2023-07-07,,,,,,,,,,,,,,,,,,,,,,,,,,,3.8909
2023-06-30,,,,,,,,,,,,,,,,,,,,,,,,,,,3.8145
2023-06-21,,,,,,,,,,,,,,,,,,,,,,,,,,,3.7206
2023-06-16,,,,,,,,,,,,,,,,,,,,,,,,,,,3.8438
2023-06-09,,,,,,,,,,,,,,,,,,,,,,,,,,,3.8320
2023-06-02,,,,,,,,,,,,,,,,,,,,,,,,,,,3.9202
2023-05-26,,,,,,,,,,,,,,,,,,,,,,,,,,,3.7265
2023-05-19,,,,,,,,,,,,,,,,,,,,,,,,,,,3.8556
2023-05-12,,,,,,,,,,,,,,,,,,,,,,,,,,,3.8027
2023-05-05,,,,,,,,,,,,,,,,,,,,,,,,,,,3.9670
2023-04-28,,,,,,,,,,,,,,,,,,,,,,,,,,,4.2412
2023-04-21,,,,,,,,,,,,,,,,,,,,,,,,,,,4.1868
2023-04-14,,,,,,,,,,,,,,,,,,,,,,,,,,,4.1503
2023-04-07,,,,,,,,,,,,,,,,,,,,,,,,,,,4.0047
2023-03-31,,,,,,,,,,,,,,,,,,,,,,,,,,,3.7135
2023-03-24,,,,,,,,,,,,,,,,,,,,,,,,,,,2.7400
2023-03-17,,,,,,,,,,,,,,,,,,,,,,,,,,,2.8639
2023-03-10,,,,,,,,,,,,,,,,,,,,,,,,,,,2.7997
2023-03-03,,,,,,,,,,,,,,,,,,,,,,,,,,,2.8777
2023-02-24,,,,,,,,,,,,,,,,,,,,,,,,,,,2.6161
2023-02-17,,,,,,,,,,,,,,,,,,,,,,,,,,,2.5151
2023-02-10,,,,,,,,,,,,,,,,,,,,,,,,,,,2.5197
2023-02-03,,,,,,,,,,,,,,,,,,,,,,,,,,,2.4600
2023-01-20,,,,,,,,,,,,,,,,,,,,,,,,,,,2.4326
2023-01-13,,,,,,,,,,,,,,,,,,,,,,,,,,,2.3775
2023-01-06,,,,,,,,,,,,,,,,,,,,,,,,,,,2.3592
2022-12-30,,,,,,,,,,,,,,,,,,,,,,,,,,,2.3453
2022-12-23,,,,,,,,,,,,,,,,,,,,,,,,,,,2.3270
2022-12-16,,,,,,,,,,,,,,,,,,,,,,,,,,,2.4234
2022-12-09,,,,,,,,,,,,,,,,,,,,,,,,,,,2.4600
2022-12-02,,,,,,,,,,,,,,,,,,,,,,,,,,,2.4188
2022-11-25,,,,,,,,,,,,,,,,,,,,,,,,,,,2.4555
2022-11-18,,,,,,,,,,,,,,,,,,,,,,,,,,,2.4049
2022-11-11,,,,,,,,,,,,,,,,,,,,,,,,,,,2.4141
2022-11-04,,,,,,,,,,,,,,,,,,,,,,,,,,,2.3316
2022-10-28,,,,,,,,,,,,,,,,,,,,,,,,,,,2.2493
2022-10-21,,,,,,,,,,,,,,,,,,,,,,,,,,,2.3166
2022-10-14,,,,,,,,,,,,,,,,,,,,,,,,,,,2.2780
2022-09-30,,,,,,,,,,,,,,,,,,,,,,,,,,,2.2493
2022-09-23,,,,,,,,,,,,,,,,,,,,,,,,,,,2.3357
2022-09-16,,,,,,,,,,,,,,,,,,,,,,,,,,,2.3357
2022-09-09,,,,,,,,,,,,,,,,,,,,,,,,,,,2.4267
2022-09-02,,,,,,,,,,,,,,,,,,,,,,,,,,,2.3693
2022-08-26,,,,,,,,,,,,,,,,,,,,,,,,,,,2.4274
2022-08-19,,,,,,,,,,,,,,,,,,,,,,,,,,,2.4569
2022-08-12,,,,,,,,,,,,,,,,,,,,,,,,,,,2.4569
2022-08-05,,,,,,,,,,,,,,,,,,,,,,,,,,,2.4668
2022-07-29,,,,,,,,,,,,,,,,,,,,,,,,,,,2.5408
2022-07-22,,,,,,,,,,,,,,,,,,,,,,,,,,,2.5506
2022-07-15,,,,,,,,,,,,,,,,,,,,,,,,,,,2.5014
2022-07-08,,,,,,,,,,,,,,,,,,,,,,,,,,,2.5803
2022-07-01,,,,,,,,,,,,,,,,,,,,,,,,,,,2.5506
2022-06-24,,,,,,,,,,,,,,,,,,,,,,,,,,,2.5506
2022-06-17,,,,,,,,,,,,,,,,,,,,,,,,,,,2.5506
2022-06-10,,,,,,,,,,,,,,,,,,,,,,,,,,,2.5161
2022-06-02,,,,,,,,,,,,,,,,,,,,,,,,,,,2.5112
2022-05-27,,,,,,,,,,,,,,,,,,,,,,,,,,,2.4963
2022-05-20,,,,,,,,,,,,,,,,,,,,,,,,,,,2.4717
2022-05-13,,,,,,,,,,,,,,,,,,,,,,,,,,,2.4766
2022-05-06,,,,,,,,,,,,,,,,,,,,,,,,,,,2.4225
2022-04-29,,,,,,,,,,,,,,,,,,,,,,,,,,,2.2203
2022-04-22,,,,,,,,,,,,,,,,,,,,,,,,,,,2.2732
2022-04-15,,,,,,,,,,,,,,,,,,,,,,,,,,,2.3126
2022-04-08,,,,,,,,,,,,,,,,,,,,,,,,,,,2.4357
2022-04-01,,,,,,,,,,,,,,,,,,,,,,,,,,,2.3742
2022-03-25,,,,,,,,,,,,,,,,,,,,,,,,,,,12.6329
2022-03-18,,,,,,,,,,,,,,,,,,,,,,,,,,,12.6564
2022-03-11,,,,,,,,,,,,,,,,,,,,,,,,,,,13.0105
2022-03-04,,,,,,,,,,,,,,,,,,,,,,,,,,,13.6464
2022-02-25,,,,,,,,,,,,,,,,,,,,,,,,,,,13.6933
2022-02-18,,,,,,,,,,,,,,,,,,,,,,,,,,,14.1413
2022-02-11,,,,,,,,,,,,,,,,,,,,,,,,,,,14.2362
2022-01-28,,,,,,,,,,,,,,,,,,,,,,,,,,,13.7168
2022-01-21,,,,,,,,,,,,,,,,,,,,,,,,,,,14.3536
2022-01-14,,,,,,,,,,,,,,,,,,,,,,,,,,,14.2118
2022-01-07,,,,,,,,,,,,,,,,,,,,,,,,,,,14.6833
2021-12-31,,,,,,,,,,,,,,,,,,,,,,,,,,,14.3536
2021-12-24,,,,,,,,,,,,,,,,,,,,,,,,,,,14.1883
2021-12-17,,,,,,,,,,,,,,,,,,,,,,,,,,,14.4710
2021-12-10,,,,,,,,,,,,,,,,,,,,,,,,,,,14.5189
2021-12-03,,,,,,,,,,,,,,,,,,,,,,,,,,,14.5424
2021-11-26,,,,,,,,,,,,,,,,,,,,,,,,,,,14.0709
2021-11-19,,,,,,,,,,,,,,,,,,,,,,,,,,,14.1413
2021-11-12,,,,,,,,,,,,,,,,,,,,,,,,,,,14.1648
2021-11-05,,,,,,,,,,,,,,,,,,,,,,,,,,,14.1413
2021-10-29,,,,,,,,,,,,,,,,,,,,,,,,,,,13.2435
2021-10-22,,,,,,,,,,,,,,,,,,,,,,,,,,,13.4440
2021-10-15,,,,,,,,,,,,,,,,,,,,,,,,,,,13.5551
2021-10-08,,,,,,,,,,,,,,,,,,,,,,,,,,,14.0013
2021-09-30,,,,,,,,,,,,,,,,,,,,,,,,,,,13.8451
2021-09-24,,,,,,,,,,,,,,,,,,,,,,,,,,,14.2244
2021-09-17,,,,,,,,,,,,,,,,,,,,,,,,,,,14.2913
2021-09-10,,,,,,,,,,,,,,,,,,,,,,,,,,,15.2496
2021-09-03,,,,,,,,,,,,,,,,,,,,,,,,,,,14.9597
2021-08-27,,,,,,,,,,,,,,,,,,,,,,,,,,,14.3915
2021-08-20,,,,,,,,,,,,,,,,,,,,,,,,,,,12.8696
2021-08-13,,,,,,,,,,,,,,,,,,,,,,,,,,,12.8912
2021-08-06,,,,,,,,,,,,,,,,,,,,,,,,,,,13.0647
2021-07-30,,,,,,,,,,,,,,,,,,,,,,,,,,,12.7386
2021-07-23,,,,,,,,,,,,,,,,,,,,,,,,,,,13.2823
2021-07-16,,,,,,,,,,,,,,,,,,,,,,,,,,,12.8479
2021-07-09,,,,,,,,,,,,,,,,,,,,,,,,,,,12.9346
2021-07-02,,,,,,,,,,,,,,,,,,,,,,,,,,,12.9780
2021-06-25,,,,,,,,,,,,,,,,,,,,,,,,,,,13.4567
2021-06-18,,,,,,,,,,,,,,,,,,,,,,,,,,,13.6518
2021-06-11,,,,,,,,,,,,,,,,,,,,,,,,,,,13.3907
2021-06-04,,,,,,,,,,,,,,,,,,,,,,,,,,,13.0872
2021-05-28,,,,,,,,,,,,,,,,,,,,,,,,,,,13.1956
2021-05-21,,,,,,,,,,,,,,,,,,,,,,,,,,,13.1089
2021-05-14,,,,,,,,,,,,,,,,,,,,,,,,,,,13.4567
2021-05-07,,,,,,,,,,,,,,,,,,,,,,,,,,,13.1306
2021-04-30,,,,,,,,,,,,,,,,,,,,,,,,,,,12.9780
2021-04-23,,,,,,,,,,,,,,,,,,,,,,,,,,,14.0013
2021-04-16,,,,,,,,,,,,,,,,,,,,,,,,,,,14.1838
2021-04-09,,,,,,,,,,,,,,,,,,,,,,,,,,,14.1838
2021-04-02,,,,,,,,,,,,,,,,,,,,,,,,,,,14.2750
2021-03-26,,,,,,,,,,,,,,,,,,,,,,,,,,,-43.9811
2021-03-19,,,,,,,,,,,,,,,,,,,,,,,,,,,-44.2601
2021-03-12,,,,,,,,,,,,,,,,,,,,,,,,,,,-47.0002
2021-03-05,,,,,,,,,,,,,,,,,,,,,,,,,,,-46.8607
2021-02-26,,,,,,,,,,,,,,,,,,,,,,,,,,,-48.1959
2021-02-19,,,,,,,,,,,,,,,,,,,,,,,,,,,-48.1959
2021-02-10,,,,,,,,,,,,,,,,,,,,,,,,,,,-43.1367
2021-02-05,,,,,,,,,,,,,,,,,,,,,,,,,,,-41.8737
2021-01-29,,,,,,,,,,,,,,,,,,,,,,,,,,,-43.9089
2021-01-22,,,,,,,,,,,,,,,,,,,,,,,,,,,-46.0885
2021-01-15,,,,,,,,,,,,,,,,,,,,,,,,,,,-50.1638
2021-01-08,,,,,,,,,,,,,,,,,,,,,,,,,,,-41.3805
2020-12-31,,,,,,,,,,,,,,,,,,,,,,,,,,,-37.3052
2020-12-25,,,,,,,,,,,,,,,,,,,,,,,,,,,-37.7262
2020-12-18,,,,,,,,,,,,,,,,,,,,,,,,,,,-37.7262
2020-12-11,,,,,,,,,,,,,,,,,,,,,,,,,,,-38.2194
2020-12-04,,,,,,,,,,,,,,,,,,,,,,,,,,,-39.5546
2020-11-27,,,,,,,,,,,,,,,,,,,,,,,,,,,-39.6243
2020-11-20,,,,,,,,,,,,,,,,,,,,,,,,,,,-39.1336
2020-11-13,,,,,,,,,,,,,,,,,,,,,,,,,,,-38.7102
2020-11-06,,,,,,,,,,,,,,,,,,,,,,,,,,,-39.1336
2020-10-30,,,,,,,,,,,,,,,,,,,,,,,,,,,-35.9875
2020-10-23,,,,,,,,,,,,,,,,,,,,,,,,,,,-37.1234
2020-10-16,,,,,,,,,,,,,,,,,,,,,,,,,,,-37.2579
2020-10-09,,,,,,,,,,,,,,,,,,,,,,,,,,,-37.1234
2020-09-30,,,,,,,,,,,,,,,,,,,,,,,,,,,-36.6551
2020-09-25,,,,,,,,,,,,,,,,,,,,,,,,,,,-36.7223
2020-09-18,,,,,,,,,,,,,,,,,,,,,,,,,,,-38.0575
2020-09-11,,,,,,,,,,,,,,,,,,,,,,,,,,,-37.3227
2020-09-04,,,,,,,,,,,,,,,,,,,,,,,,,,,-38.0575
2020-08-28,,,,,,,,,,,,,,,,,,,,,,,,,,,-38.7924
2020-08-21,,,,,,,,,,,,,,,,,,,,,,,,,,,-39.1237
2020-08-14,,,,,,,,,,,,,,,,,,,,,,,,,,,-39.3229
2020-08-07,,,,,,,,,,,,,,,,,,,,,,,,,,,-39.3902
2020-07-31,,,,,,,,,,,,,,,,,,,,,,,,,,,-38.7924
2020-07-24,,,,,,,,,,,,,,,,,,,,,,,,,,,-38.9244
2020-07-17,,,,,,,,,,,,,,,,,,,,,,,,,,,-39.1909
2020-07-10,,,,,,,,,,,,,,,,,,,,,,,,,,,-41.0492
2020-07-03,,,,,,,,,,,,,,,,,,,,,,,,,,,-39.0564
2020-06-24,,,,,,,,,,,,,,,,,,,,,,,,,,,-37.1309
2020-06-19,,,,,,,,,,,,,,,,,,,,,,,,,,,-37.5967
2020-06-12,,,,,,,,,,,,,,,,,,,,,,,,,,,-37.9952
2020-06-05,,,,,,,,,,,,,,,,,,,,,,,,,,,-39.0564
2020-05-29,,,,,,,,,,,,,,,,,,,,,,,,,,,-38.7924
2020-05-22,,,,,,,,,,,,,,,,,,,,,,,,,,,-39.7215
2020-05-15,,,,,,,,,,,,,,,,,,,,,,,,,,,-40.3193
2020-05-08,,,,,,,,,,,,,,,,,,,,,,,,,,,-41.1837
2020-04-30,,,,,,,,,,,,,,,,,,,,,,,,,,,-41.1165
2020-04-24,,,,,,,,,,,,,,,,,,,,,,,,,,,-37.3974
2020-04-17,,,,,,,,,,,,,,,,,,,,,,,,,,,-38.4885
2020-04-10,,,,,,,,,,,,,,,,,,,,,,,,,,,-38.0625
2020-04-03,,,,,,,,,,,,,,,,,,,,,,,,,,,-38.9119
2020-03-27,,,,,,,,,,,,,,,,,,,,,,,,,,,-5.0924
2020-03-20,,,,,,,,,,,,,,,,,,,,,,,,,,,-4.8916
2020-03-13,,,,,,,,,,,,,,,,,,,,,,,,,,,-4.9766
2020-03-06,,,,,,,,,,,,,,,,,,,,,,,,,,,-5.1466
2020-02-28,,,,,,,,,,,,,,,,,,,,,,,,,,,-4.9458
2020-02-21,,,,,,,,,,,,,,,,,,,,,,,,,,,-5.0150
2020-02-14,,,,,,,,,,,,,,,,,,,,,,,,,,,-4.8375
2020-02-07,,,,,,,,,,,,,,,,,,,,,,,,,,,-4.7755
2020-01-23,,,,,,,,,,,,,,,,,,,,,,,,,,,-5.2237
2020-01-17,,,,,,,,,,,,,,,,,,,,,,,,,,,-5.3628
2020-01-10,,,,,,,,,,,,,,,,,,,,,,,,,,,-5.5019
2020-01-03,,,,,,,,,,,,,,,,,,,,,,,,,,,-5.6023
2019-12-27,,,,,,,,,,,,,,,,,,,,,,,,,,,-5.4248
2019-12-20,,,,,,,,,,,,,,,,,,,,,,,,,,,-5.4865
2019-12-13,,,,,,,,,,,,,,,,,,,,,,,,,,,-5.3936
2019-12-06,,,,,,,,,,,,,,,,,,,,,,,,,,,-5.3319
2019-11-29,,,,,,,,,,,,,,,,,,,,,,,,,,,-5.3861
2019-11-22,,,,,,,,,,,,,,,,,,,,,,,,,,,-5.3398
2019-11-15,,,,,,,,,,,,,,,,,,,,,,,,,,,-5.2703
2019-11-08,,,,,,,,,,,,,,,,,,,,,,,,,,,-5.5561
2019-11-01,,,,,,,,,,,,,,,,,,,,,,,,,,,-5.5715
2019-10-25,,,,,,,,,,,,,,,,,,,,,,,,,,,-5.7044
2019-10-18,,,,,,,,,,,,,,,,,,,,,,,,,,,-5.7201
2019-10-11,,,,,,,,,,,,,,,,,,,,,,,,,,,-5.7989
2019-09-30,,,,,,,,,,,,,,,,,,,,,,,,,,,-5.7595
2019-09-27,,,,,,,,,,,,,,,,,,,,,,,,,,,-5.7910
2019-09-20,,,,,,,,,,,,,,,,,,,,,,,,,,,-6.0742
2019-09-12,,,,,,,,,,,,,,,,,,,,,,,,,,,-6.0505
2019-09-06,,,,,,,,,,,,,,,,,,,,,,,,,,,-5.9170
2019-08-30,,,,,,,,,,,,,,,,,,,,,,,,,,,-5.7280
2019-08-23,,,,,,,,,,,,,,,,,,,,,,,,,,,-5.8025
2019-08-16,,,,,,,,,,,,,,,,,,,,,,,,,,,-5.7628
2019-08-09,,,,,,,,,,,,,,,,,,,,,,,,,,,-5.8343
2019-08-02,,,,,,,,,,,,,,,,,,,,,,,,,,,-6.1454
2019-07-26,,,,,,,,,,,,,,,,,,,,,,,,,,,-6.4164
2019-07-19,,,,,,,,,,,,,,,,,,,,,,,,,,,-6.2169
2019-07-12,,,,,,,,,,,,,,,,,,,,,,,,,,,-6.2809
2019-07-05,,,,,,,,,,,,,,,,,,,,,,,,,,,-6.5119
2019-06-28,,,,,,,,,,,,,,,,,,,,,,,,,,,-6.4482
2019-06-21,,,,,,,,,,,,,,,,,,,,,,,,,,,-6.5197
2019-06-14,,,,,,,,,,,,,,,,,,,,,,,,,,,-6.4082
2019-06-06,,,,,,,,,,,,,,,,,,,,,,,,,,,-6.2727
2019-05-31,,,,,,,,,,,,,,,,,,,,,,,,,,,-6.3048
2019-05-24,,,,,,,,,,,,,,,,,,,,,,,,,,,-6.2090
2019-05-17,,,,,,,,,,,,,,,,,,,,,,,,,,,-6.3685
2019-05-10,,,,,,,,,,,,,,,,,,,,,,,,,,,-6.5437
2019-04-30,,,,,,,,,,,,,,,,,,,,,,,,,,,-6.8866
2019-04-26,,,,,,,,,,,,,,,,,,,,,,,,,,,-7.2134
2019-04-19,,,,,,,,,,,,,,,,,,,,,,,,,,,-7.8299
2019-04-12,,,,,,,,,,,,,,,,,,,,,,,,,,,-7.6882
2019-04-04,,,,,,,,,,,,,,,,,,,,,,,,,,,-7.8214
2019-03-29,,,,,,,,,,,,,,,,,,,,,,,,,,,-7.5799
2019-03-22,,,,,,,,,,,,,,,,,,,,,,,,,,,14.2306
2019-03-15,,,,,,,,,,,,,,,,,,,,,,,,,,,14.1843
2019-03-08,,,,,,,,,,,,,,,,,,,,,,,,,,,14.0767
2019-03-01,,,,,,,,,,,,,,,,,,,,,,,,,,,14.6461
2019-02-22,,,,,,,,,,,,,,,,,,,,,,,,,,,13.7224
2019-02-15,,,,,,,,,,,,,,,,,,,,,,,,,,,13.6451
2019-02-01,,,,,,,,,,,,,,,,,,,,,,,,,,,13.2909
2019-01-25,,,,,,,,,,,,,,,,,,,,,,,,,,,13.2599
2019-01-18,,,,,,,,,,,,,,,,,,,,,,,,,,,13.8145
2019-01-11,,,,,,,,,,,,,,,,,,,,,,,,,,,13.9221
2019-01-04,,,,,,,,,,,,,,,,,,,,,,,,,,,14.1533
2018-12-28,,,,,,,,,,,,,,,,,,,,,,,,,,,13.8918
2018-12-21,,,,,,,,,,,,,,,,,,,,,,,,,,,13.9685
2018-12-14,,,,,,,,,,,,,,,,,,,,,,,,,,,14.4922
2018-12-07,,,,,,,,,,,,,,,,,,,,,,,,,,,14.0148
2018-11-30,,,,,,,,,,,,,,,,,,,,,,,,,,,13.4448
2018-11-23,,,,,,,,,,,,,,,,,,,,,,,,,,,13.2297
2018-11-16,,,,,,,,,,,,,,,,,,,,,,,,,,,13.2297
2018-11-09,,,,,,,,,,,,,,,,,,,,,,,,,,,13.0293
2018-11-02,,,,,,,,,,,,,,,,,,,,,,,,,,,13.4294
2018-10-26,,,,,,,,,,,,,,,,,,,,,,,,,,,12.7987
2018-10-19,,,,,,,,,,,,,,,,,,,,,,,,,,,12.9718
2018-10-12,,,,,,,,,,,,,,,,,,,,,,,,,,,13.0664
2018-09-28,,,,,,,,,,,,,,,,,,,,,,,,,,,13.6346
2018-09-21,,,,,,,,,,,,,,,,,,,,,,,,,,,13.6346
2018-09-14,,,,,,,,,,,,,,,,,,,,,,,,,,,12.9088
2018-09-07,,,,,,,,,,,,,,,,,,,,,,,,,,,12.7196
2018-08-31,,,,,,,,,,,,,,,,,,,,,,,,,,,12.9248
2018-08-24,,,,,,,,,,,,,,,,,,,,,,,,,,,13.2624
2018-08-17,,,,,,,,,,,,,,,,,,,,,,,,,,,13.1647
2018-08-10,,,,,,,,,,,,,,,,,,,,,,,,,,,14.1558
2018-08-03,,,,,,,,,,,,,,,,,,,,,,,,,,,13.1647
2018-07-27,,,,,,,,,,,,,,,,,,,,,,,,,,,12.9372
2018-07-20,,,,,,,,,,,,,,,,,,,,,,,,,,,12.0271
2018-07-13,,,,,,,,,,,,,,,,,,,,,,,,,,,12.3356
2018-07-06,,,,,,,,,,,,,,,,,,,,,,,,,,,12.0111
2018-06-29,,,,,,,,,,,,,,,,,,,,,,,,,,,12.5143
2018-06-22,,,,,,,,,,,,,,,,,,,,,,,,,,,12.3523
2018-06-15,,,,,,,,,,,,,,,,,,,,,,,,,,,14.0748
2018-06-08,,,,,,,,,,,,,,,,,,,,,,,,,,,14.2702
2018-06-01,,,,,,,,,,,,,,,,,,,,,,,,,,,14.7902
2018-05-25,,,,,,,,,,,,,,,,,,,,,,,,,,,15.5049
2018-05-18,,,,,,,,,,,,,,,,,,,,,,,,,,,15.5376
2018-05-11,,,,,,,,,,,,,,,,,,,,,,,,,,,15.6842
2018-05-04,,,,,,,,,,,,,,,,,,,,,,,,,,,15.6514
2018-04-27,,,,,,,,,,,,,,,,,,,,,,,,,,,15.7163
2018-04-20,,,,,,,,,,,,,,,,,,,,,,,,,,,15.5277
2018-04-13,,,,,,,,,,,,,,,,,,,,,,,,,,,16.0372
2018-04-04,,,,,,,,,,,,,,,,,,,,,,,,,,,16.0700
2018-03-30,,,,,,,,,,,,,,,,,,,,,,,,,,,16.5133
2018-03-23,,,,,,,,,,,,,,,,,,,,,,,,,,,19.1725
2018-03-16,,,,,,,,,,,,,,,,,,,,,,,,,,,19.1918
2018-03-09,,,,,,,,,,,,,,,,,,,,,,,,,,,19.9568
2018-03-02,,,,,,,,,,,,,,,,,,,,,,,,,,,19.1354
2018-02-23,,,,,,,,,,,,,,,,,,,,,,,,,,,19.4528
2018-02-14,,,,,,,,,,,,,,,,,,,,,,,,,,,18.8930
2018-02-09,,,,,,,,,,,,,,,,,,,,,,,,,,,19.3034
2018-02-02,,,,,,,,,,,,,,,,,,,,,,,,,,,21.4131
2018-01-26,,,,,,,,,,,,,,,,,,,,,,,,,,,23.0002
2018-01-19,,,,,,,,,,,,,,,,,,,,,,,,,,,22.7013
2018-01-12,,,,,,,,,,,,,,,,,,,,,,,,,,,22.6827
2018-01-05,,,,,,,,,,,,,,,,,,,,,,,,,,,23.6722
2017-12-29,,,,,,,,,,,,,,,,,,,,,,,,,,,22.6077
2017-12-22,,,,,,,,,,,,,,,,,,,,,,,,,,,21.8799
2017-12-15,,,,,,,,,,,,,,,,,,,,,,,,,,,20.9462
2017-12-08,,,,,,,,,,,,,,,,,,,,,,,,,,,21.1707
2017-12-01,,,,,,,,,,,,,,,,,,,,,,,,,,,21.7119
2017-11-24,,,,,,,,,,,,,,,,,,,,,,,,,,,21.7677
2017-11-17,,,,,,,,,,,,,,,,,,,,,,,,,,,19.8452
2017-11-10,,,,,,,,,,,,,,,,,,,,,,,,,,,20.3678
2017-11-03,,,,,,,,,,,,,,,,,,,,,,,,,,,21.1707
2017-10-27,,,,,,,,,,,,,,,,,,,,,,,,,,,20.7445
2017-10-20,,,,,,,,,,,,,,,,,,,,,,,,,,,19.2682
2017-10-13,,,,,,,,,,,,,,,,,,,,,,,,,,,19.1712
2017-09-29,,,,,,,,,,,,,,,,,,,,,,,,,,,18.8992
2017-09-22,,,,,,,,,,,,,,,,,,,,,,,,,,,19.0934
2017-09-15,,,,,,,,,,,,,,,,,,,,,,,,,,,19.1904
2017-09-08,,,,,,,,,,,,,,,,,,,,,,,,,,,19.1326
2017-09-01,,,,,,,,,,,,,,,,,,,,,,,,,,,19.2297
2017-08-25,,,,,,,,,,,,,,,,,,,,,,,,,,,18.7215
2017-08-18,,,,,,,,,,,,,,,,,,,,,,,,,,,18.7973
2017-08-11,,,,,,,,,,,,,,,,,,,,,,,,,,,18.5329
2017-08-04,,,,,,,,,,,,,,,,,,,,,,,,,,,19.1374
2017-07-28,,,,,,,,,,,,,,,,,,,,,,,,,,,19.0617
2017-07-21,,,,,,,,,,,,,,,,,,,,,,,,,,,19.2882
2017-07-14,,,,,,,,,,,,,,,,,,,,,,,,,,,19.3075
2017-07-07,,,,,,,,,,,,,,,,,,,,,,,,,,,19.0431
2017-06-30,,,,,,,,,,,,,,,,,,,,,,,,,,,19.1188
2017-06-23,,,,,,,,,,,,,,,,,,,,,,,,,,,18.9109
2017-06-16,,,,,,,,,,,,,,,,,,,,,,,,,,,18.8166
2017-06-09,,,,,,,,,,,,,,,,,,,,,,,,,,,19.0617
2017-06-02,,,,,,,,,,,,,,,,,,,,,,,,,,,19.3261
2017-05-26,,,,,,,,,,,,,,,,,,,,,,,,,,,18.9109
2017-05-19,,,,,,,,,,,,,,,,,,,,,,,,,,,18.5707
2017-05-12,,,,,,,,,,,,,,,,,,,,,,,,,,,18.8916
2017-05-05,,,,,,,,,,,,,,,,,,,,,,,,,,,18.7594
2017-04-28,,,,,,,,,,,,,,,,,,,,,,,,,,,19.0810
2017-04-21,,,,,,,,,,,,,,,,,,,,,,,,,,,18.4737
2017-04-14,,,,,,,,,,,,,,,,,,,,,,,,,,,18.1934
2017-04-07,,,,,,,,,,,,,,,,,,,,,,,,,,,18.9983
2017-03-31,,,,,,,,,,,,,,,,,,,,,,,,,,,17.9139
2017-03-24,,,,,,,,,,,,,,,,,,,,,,,,,,,-18.1104
2017-03-17,,,,,,,,,,,,,,,,,,,,,,,,,,,-17.3726
2017-03-10,,,,,,,,,,,,,,,,,,,,,,,,,,,-17.2522
2017-03-03,,,,,,,,,,,,,,,,,,,,,,,,,,,-17.6299
2017-02-24,,,,,,,,,,,,,,,,,,,,,,,,,,,-17.8531
2017-02-17,,,,,,,,,,,,,,,,,,,,,,,,,,,-17.5952
2017-02-10,,,,,,,,,,,,,,,,,,,,,,,,,,,-17.7674
2017-02-03,,,,,,,,,,,,,,,,,,,,,,,,,,,-17.1147
2017-01-26,,,,,,,,,,,,,,,,,,,,,,,,,,,-17.1664
2017-01-20,,,,,,,,,,,,,,,,,,,,,,,,,,,-17.0460
2017-01-13,,,,,,,,,,,,,,,,,,,,,,,,,,,-16.1599
2017-01-06,,,,,,,,,,,,,,,,,,,,,,,,,,,-16.2252
2016-12-30,,,,,,,,,,,,,,,,,,,,,,,,,,,-15.9475
2016-12-23,,,,,,,,,,,,,,,,,,,,,,,,,,,-16.1599
2016-12-16,,,,,,,,,,,,,,,,,,,,,,,,,,,-16.2579
2016-12-09,,,,,,,,,,,,,,,,,,,,,,,,,,,-17.2209
2016-12-02,,,,,,,,,,,,,,,,,,,,,,,,,,,-18.4772
2016-11-25,,,,,,,,,,,,,,,,,,,,,,,,,,,-17.1555
2016-11-18,,,,,,,,,,,,,,,,,,,,,,,,,,,-16.5839
2016-11-11,,,,,,,,,,,,,,,,,,,,,,,,,,,-15.8822
2016-11-04,,,,,,,,,,,,,,,,,,,,,,,,,,,-15.2615
2016-10-28,,,,,,,,,,,,,,,,,,,,,,,,,,,-14.6681
2016-10-21,,,,,,,,,,,,,,,,,,,,,,,,,,,-14.9172
2016-10-14,,,,,,,,,,,,,,,,,,,,,,,,,,,-14.3564
2016-09-30,,,,,,,,,,,,,,,,,,,,,,,,,,,-13.9664
2016-09-23,,,,,,,,,,,,,,,,,,,,,,,,,,,-14.1692
2016-09-14,,,,,,,,,,,,,,,,,,,,,,,,,,,-14.2005
2016-09-09,,,,,,,,,,,,,,,,,,,,,,,,,,,-14.4966
2016-09-02,,,,,,,,,,,,,,,,,,,,,,,,,,,-14.4966
2016-08-26,,,,,,,,,,,,,,,,,,,,,,,,,,,-14.4340
2016-08-19,,,,,,,,,,,,,,,,,,,,,,,,,,,-14.0651
2016-08-12,,,,,,,,,,,,,,,,,,,,,,,,,,,-13.1681
2016-08-05,,,,,,,,,,,,,,,,,,,,,,,,,,,-12.8932
2016-07-29,,,,,,,,,,,,,,,,,,,,,,,,,,,-13.0667
2016-07-22,,,,,,,,,,,,,,,,,,,,,,,,,,,-13.3124
2016-07-15,,,,,,,,,,,,,,,,,,,,,,,,,,,-13.5295
2016-07-08,,,,,,,,,,,,,,,,,,,,,,,,,,,-13.2981
2016-07-01,,,,,,,,,,,,,,,,,,,,,,,,,,,-13.1967
2016-06-24,,,,,,,,,,,,,,,,,,,,,,,,,,,-12.9075
2016-06-17,,,,,,,,,,,,,,,,,,,,,,,,,,,-13.1681
2016-06-08,,,,,,,,,,,,,,,,,,,,,,,,,,,-13.6888
2016-06-03,,,,,,,,,,,,,,,,,,,,,,,,,,,-13.8337
2016-05-13,,,,,,,,,,,,,,,,,,,,,,,,,,,-13.1681
2016-05-06,,,,,,,,,,,,,,,,,,,,,,,,,,,-13.6745
2016-04-29,,,,,,,,,,,,,,,,,,,,,,,,,,,-13.6745
2016-04-22,,,,,,,,,,,,,,,,,,,,,,,,,,,-15.3058
2016-04-15,,,,,,,,,,,,,,,,,,,,,,,,,,,-16.0755
2016-04-08,,,,,,,,,,,,,,,,,,,,,,,,,,,-15.7767
2016-04-01,,,,,,,,,,,,,,,,,,,,,,,,,,,-16.1701
2016-03-25,,,,,,,,,,,,,,,,,,,,,,,,,,,1.1358
2016-03-18,,,,,,,,,,,,,,,,,,,,,,,,,,,1.1479
2016-03-11,,,,,,,,,,,,,,,,,,,,,,,,,,,1.1369
2016-03-04,,,,,,,,,,,,,,,,,,,,,,,,,,,1.1204
2016-02-26,,,,,,,,,,,,,,,,,,,,,,,,,,,1.0533
